{
  "project_info": {
    "project_number": "717538880248",
    "project_id": "habitat-bf6d3",
    "storage_bucket": "habitat-bf6d3.appspot.com"
  },
  "client": [
    {
      "client_info": {
        "mobilesdk_app_id": "1:717538880248:android:7b001e6a886fcd0398690d",
        "android_client_info": {
          "package_name": "com.status200.habitat"
        }
      },
      "oauth_client": [
        {
          "client_id": "717538880248-fpa1nbd08lmjtsr135gndf5l4kci3erb.apps.googleusercontent.com",
          "client_type": 1,
          "android_info": {
            "package_name": "com.status200.habitat",
            "certificate_hash": "1e26bfd925723faa32c7b60b896edad1c3e5e884"
          }
        },
        {
          "client_id": "717538880248-lmj0uq8htv0k4lth14gm1vurjl64vtrv.apps.googleusercontent.com",
          "client_type": 1,
          "android_info": {
            "package_name": "com.status200.habitat",
            "certificate_hash": "0b7a02c621b68c146d95b05187a84c016f10f83c"
          }
        },
        {
          "client_id": "717538880248-n31ag33bef1rk9p0k0s1f14h8k4obrc2.apps.googleusercontent.com",
          "client_type": 3
        }
      ],
      "api_key": [
        {
          "current_key": "AIzaSyC39WhvfiUvx5axijbo7Um88fOktBbDDdE"
        }
      ],
      "services": {
        "appinvite_service": {
          "other_platform_oauth_client": [
            {
              "client_id": "717538880248-n31ag33bef1rk9p0k0s1f14h8k4obrc2.apps.googleusercontent.com",
              "client_type": 3
            },
            {
              "client_id": "717538880248-uihelbb159rt54af6f0bh0h7ca9tuakr.apps.googleusercontent.com",
              "client_type": 2,
              "ios_info": {
                "bundle_id": "com.status200.habitat"
              }
            }
          ]
        }
      }
    }
  ],
  "configuration_version": "1"
}